atoms_per_frame,frames,file_mb,read_dicts_cleri_s,read_dicts_dispatch_s,dispatch_speedup,full_read_cleri_s,full_read_dispatch_s,full_read_speedup
5,200000,147.8,3.54335541697219,2.001780458027497,1.7701019124063793,6.126253166003153,4.506593667087145,1.3593977222186266
10,100000,128.5,1.8616587079595774,1.0704289170680568,1.7391707924508686,3.1345056670252234,2.3414170830510557,1.3387216185083561
20,50000,118.75,1.0107304580742493,0.6128594169858843,1.6492044179481524,1.6579841249622405,1.2738971250364557,1.3015055080800133
50,20000,112.9,0.48988604196347296,0.33220262499526143,1.4746603581788698,0.7712598750367761,0.6124645000090823,1.2592727823822263
100,10000,110.96,0.3102357500465587,0.2310199160128832,1.3428961251516423,0.4610714999726042,0.3867935830494389,1.1920350289618722
500,2000,109.404,0.1701008330564946,0.15335649996995926,1.1091856757934313,0.22910087497439235,0.21320445893798023,1.0745594914646521
2000,500,109.1015,0.14380666706711054,0.1346410830738023,1.0680741998211958,0.1845930420095101,0.18073112494312227,1.0213683009365608
