natoms,frames,file_mb,builtin_s,cextxyz_s,read_dicts_s,speedup,parse_speedup
10,1,0.001285,0.0001420840053469874,0.0002019160019699484,0.00015424999583046883,0.7036787771190818,0.9211280984613271
100,1,0.011096,0.00025520800409140065,0.0002328749978914857,0.00019141699885949492,1.0959012620595776,1.3332567411044303
1000,1,0.109203,0.0013546670015784912,0.0007475000020349398,0.0006768749954062514,1.8122635423286206,2.001354771223951
4000,1,0.436203,0.004805124997801613,0.0023064170018187724,0.0019775420005316846,2.083372171646512,2.429847253059455
16000,1,1.744204,0.018658999993931502,0.008418666002398822,0.00780437500361586,2.216384399691684,2.390838470125611
64000,1,6.976204,0.07597470900509506,0.03346291599882534,0.030740040994714946,2.2704150770292117,2.4715226963476464
200000,1,21.800211,0.23315979200560832,0.10706962500262307,0.0927331669954583,2.177646480034802,2.5143085215349923
