natoms,frames,file_mb,builtin_s,cextxyz_s,read_dicts_s,read_dicts_fast_s,speedup,parse_speedup,fast_speedup
10,1,0.001285,0.00012995791621506214,7.329101208597422e-05,0.00011058303061872721,3.7458958104252815e-05,1.7731767172571538,1.1752066794329092,3.4693414550766075
100,1,0.011096,0.00022045790683478117,8.595804683864117e-05,0.00013791699893772602,5.2332994528114796e-05,2.5647151714442815,1.5984824824554444,4.212598740481874
1000,1,0.109203,0.001177040976472199,0.00024049996864050627,0.00035045796539634466,0.0001612498890608549,4.894141912474061,3.3585796092294373,7.299483945864853
4000,1,0.436203,0.004429124994203448,0.0007049170089885592,0.0009425421012565494,0.0005173330428078771,6.28318644283888,4.699126954964413,8.561457760679518
16000,1,1.744204,0.017779374960809946,0.0025887920055538416,0.003395583014935255,0.0019517079927027225,6.867826740297067,5.2360301257865,9.109649100831469
64000,1,6.976204,0.07264966703951359,0.011525750043801963,0.014659667038358748,0.008212041924707592,6.303248531628651,4.955751508504059,8.84672383624009
200000,1,21.800211,0.22477775008883327,0.03588125004898757,0.044165458995848894,0.02484933298546821,6.264490500803376,5.089446712417505,9.04562509666889
