natoms,frames,file_mb,builtin_s,cextxyz_s,read_dicts_s,speedup,parse_speedup
10,1,0.001285,0.00012887499906355515,0.00018529200315242633,0.00014908400044078007,0.6955238049725169,0.8644455386394568
100,1,0.011096,0.0002132500012521632,0.00022904099751031026,0.00018291599553776905,0.9310560273933656,1.165835719425263
1000,1,0.109203,0.0011802500011981465,0.000793208004324697,0.0006020840010023676,1.487945147758513,1.9602746447891501
4000,1,0.436203,0.004510291997576132,0.0025959579943446442,0.0019477499954518862,1.7374287285857128,2.315642155362822
16000,1,1.744204,0.017614291995414533,0.010249791004753206,0.00726175000454532,1.7185025516370174,2.4256263275917354
64000,1,6.976204,0.07337299999926472,0.03911774999869522,0.02881879200140247,1.8756958158818464,2.546012337911111
200000,1,21.800211,0.23011533400131157,0.12687999999616295,0.09133891599776689,1.8136454445796863,2.5193569628846655
