natoms,frames,file_mb,builtin_s,cextxyz_s,read_dicts_s,speedup,parse_speedup
10,1,0.001285,0.00012233300367370248,0.00017304100038018078,0.00012812500062864274,0.7069596419630608,0.9547941703295848
100,1,0.011096,0.00020841699733864516,0.0001940420042956248,0.0001610000035725534,1.074081862301937,1.294515482695152
1000,1,0.109203,0.0011930830078199506,0.0005497920064954087,0.0004997500072931871,2.170062484947958,2.3873596606473035
4000,1,0.436203,0.004455457994481549,0.0016939579945756122,0.0015233750018524006,2.6302057127442384,2.92472830988022
16000,1,1.744204,0.017512624996015802,0.006500292001874186,0.005791249990579672,2.6941289700472693,3.023980146687276
64000,1,6.976204,0.07092270800785627,0.025530166996759363,0.022383750008884817,2.777996243301454,3.1684908909233176
200000,1,21.800211,0.2262334999977611,0.08007841699873097,0.06933862499136012,2.825149503159463,3.26273415467859
