natoms,frames,file_mb,builtin_s,cextxyz_s,read_dicts_s,read_dicts_fast_s,speedup,parse_speedup,fast_speedup
10,1,0.001285,0.00010749998909886926,7.38749949960038e-05,0.00011920899851247668,5.129100463818759e-05,1.4551606955057577,0.9017774701598392,2.0958838661318113
100,1,0.011096,0.0002034579956671223,9.629200212657452e-05,0.0001446249953005463,6.579099863301963e-05,2.112927254328761,1.4067969042579032,3.0924898526317466
1000,1,0.109203,0.0011697909940266982,0.00027658400358632207,0.0003674159961519763,0.00021912499505560845,4.229423896026603,3.1838325121338245,5.33846444003266
4000,1,0.436203,0.004413624992594123,0.0009084579942282289,0.0011222080065635964,0.0007287080079549924,4.858369919837265,3.932982982459232,6.056781240788457
16000,1,1.744204,0.01751962500566151,0.0034028340014629066,0.003959790992666967,0.002632292002090253,5.148539422766341,4.424381245905565,6.65565408083507
64000,1,6.976204,0.06988954100233968,0.013509042008081451,0.015597417004755698,0.010424208012409508,5.173537913386456,4.480840704651941,6.70454205433541
200000,1,21.800211,0.21879487499245442,0.04276062498684041,0.04939795799145941,0.032940000004600734,5.116737069670721,4.429229140003777,6.642224497932463
