natoms,frames,file_mb,builtin_s,cextxyz_s,read_dicts_s,speedup,parse_speedup
10,1,0.001285,0.00012241600052220747,0.00013829099771101028,0.00010187499719904736,0.885205852502582,1.2016294860163412
100,1,0.011096,0.000211207996471785,0.0002477919988450594,0.00020845900144195184,0.8523600336419667,1.0131872215199047
1000,1,0.109203,0.0011902499973075464,0.0014937500018277206,0.0012981660038349219,0.796820080904557,0.9168704108653439
4000,1,0.436203,0.004556625004624948,0.005443416004709434,0.004721750003227498,0.8370892470247968,0.9650288561466234
16000,1,1.744204,0.018604458004119806,0.02218616600293899,0.019522707996657118,0.8385612007795886,0.9529650296109257
64000,1,6.976204,0.0754781669966178,0.084949708005297,0.07374245800019708,0.8885041369643248,1.0235374442823169
200000,1,21.800211,0.22918049999861978,0.2606286669979454,0.22922729099809658,0.8793372679929582,0.999795875092913
