natoms,frames,file_mb,builtin_s,cextxyz_s,read_dicts_s,speedup,parse_speedup
10,1,0.001285,0.00012395800149533898,0.00016774999676272273,0.00013174999912735075,0.7389448815946852,0.9408577025911025
100,1,0.011096,0.00020941598631907254,0.00017962499987334013,0.00014733400894328952,1.1658510032943026,1.421368954941551
1000,1,0.109203,0.001199709004140459,0.00043066700163763016,0.00037775000964757055,2.7856998552907766,3.175933748512016
4000,1,0.436203,0.004444749996764585,0.001308582999627106,0.0010952919983537868,3.3966129760444406,4.058050276497045
16000,1,1.744204,0.017685999991954304,0.004730334010673687,0.004018708001240157,3.738848028922907,4.400916908244261
64000,1,6.976204,0.07142424999619834,0.01927941599569749,0.015925166007946245,3.704689499523108,4.48499249304902
200000,1,21.800211,0.22366170800523832,0.06101416700403206,0.050685709007666446,3.6657340251889017,4.4127173592739615
