natoms,frames,file_mb,builtin_s,cextxyz_s,read_dicts_s,speedup,parse_speedup
10,1,0.001285,0.00012137500016251579,0.00016808299551485106,0.0001352500039502047,0.7221134998857849,0.8974121746214714
100,1,0.011096,0.00021150000247871503,0.00022895800066180527,0.00019683300342876464,0.9237502156175904,1.0745149380157606
1000,1,0.109203,0.0011735419975593686,0.0007895419985288754,0.0005866249994141981,1.4863579135068006,2.0004977604624146
4000,1,0.436203,0.0043848330024047755,0.0026051669992739335,0.001912332998472266,1.683129336287017,2.292923359011089
16000,1,1.744204,0.018469667003955692,0.009950499996193685,0.007389749996946193,1.8561546667022564,2.4993629028841657
64000,1,6.976204,0.07444375000341097,0.040021209002588876,0.029075833001115825,1.8601074744792288,2.5603307736894103
200000,1,21.800211,0.2349393330005114,0.12642225000308827,0.09266937500069616,1.858370128634574,2.535242446587629
