natoms,frames,file_mb,builtin_s,cextxyz_s,write_dicts_s,pypython_s,speedup,write_speedup
1000,1,0.109203,0.002793958061374724,0.0006298749940469861,0.0005647499347105622,0.0029531250474974513,4.435734213583189,4.947248135241741
4000,1,0.436203,0.010762332938611507,0.002104375045746565,0.001956957974471152,0.010912708006799221,5.114265615515972,5.499521747021634
16000,1,1.744204,0.04144945798907429,0.008681291015818715,0.007667165948078036,0.04373008303809911,4.774573034534458,5.40609897708874
64000,1,6.976204,0.16732429200783372,0.03351095807738602,0.028831499977968633,0.17090941697824746,4.993121701308446,5.803523650718598
200000,1,21.800211,0.5097258749883622,0.10255850001703948,0.08821750001516193,0.5198811669833958,4.970098771956242,5.778058490670849
