natoms,frames,file_mb,builtin_s,cextxyz_s,write_dicts_s,pypython_s,speedup,write_speedup
1000,1,0.109203,0.002799833018798381,0.0006385000015143305,0.0005474580102600157,0.0030485409952234477,4.385016463834012,5.114242492257255
4000,1,0.436203,0.010870625003008172,0.002391167014138773,0.0021625419904012233,0.011302291008178145,4.546158816482104,5.026781006454034
16000,1,1.744204,0.04386191698722541,0.008425584004726261,0.007273458002600819,0.04454758297652006,5.2058013975792585,6.03040767837546
64000,1,6.976204,0.1665553750062827,0.031641958019463345,0.028150958998594433,0.1700303329853341,5.263750584076766,5.916508031381764
200000,1,21.800211,0.5213367920077872,0.10673779097851366,0.09247166602290235,0.5287190410017502,4.884275636852297,5.637800360152139
